<?xml version="1.0" ?>
<joomfish type="contentelement">
  <name>Categories</name>
  <author>A. Kempkens</author>
  <version>2.0.1</version>
  <description>Definition for the core categories</description>
  <reference>
  	<table name="categories">
  		<field type="referenceid" name="id" translate="0">ID</field>
  		<field type="titletext" name="title" translate="1" >Title</field>
  		<field type="text" name="name" translate="0">Name</field>
  		<field type="text" name="alias" translate="1" posthandler="filterTitle">Alias</field>
  		<field type="htmltext" name="description" translate="1" ebuttons="readmore,pagebreak">Description</field>
  		<field type="checked_out_by" name="checked_out" translate="0">Check out by</field>
  		<field type="checked_out_date" name="checked_out_time" translate="0">Check out date</field>
  	</table>
  </reference>
  <translationfilters>
	  <section>section</section>
  	  <published>published</published>
  </translationfilters>
</joomfish>