<?xml version="1.0" encoding="UTF-8"?>
<install version="1.5" type="plugin" group="system">
	<name>Joomfish - Basic Router</name>
	<license>http://www.gnu.org/licenses/gpl-2.0.html GNU/GPL</license>
	<author>Geraint Edwards</author>
	<authorEmail>support@joomfish.net</authorEmail>
	<authorUrl>http://www.joomfish.net</authorUrl>
	<creationDate>7 January 2009</creationDate>
	<copyright>2003 - 2009, Think Network GmbH, Munich</copyright>
	<version>2.0.1</version>
	<description>When activated this bot provides language determination and basic routing. Must be enabled unless you are using a SEF plugin that performs the same tasks.</description>
	<files>
		<filename plugin="jfrouter">jfrouter.php</filename>
		<filename>jfrouter/index.html</filename>
		<filename>jfrouter/contact.php</filename>
		<filename>jfrouter/elements/index.html</filename>
		<filename>jfrouter/elements/sefprefix.php</filename>
		<filename>jfrouter/elements/sefsubdomain.php</filename>
	</files>	
	<languages folder="language">
		<language tag="en-GB">en-GB.plg_system_jfrouter.ini</language>
   	</languages>	
	<params addpath="/plugins/system/jfrouter/elements">
		<param name="jfrouter" type="radio" default="1"
			description="Use JF Router if available - this is a project sponsors only addon" label="Use JF Router if available">
			<option value="0">No</option>
			<option value="1">Yes</option>
		</param>
		<param name="determitLanguage" type="radio" default="1" label="Enable Language determination" description="If an unkown user comes to your site - try to determinate the language based on the browser settings.">
			<option value="0">No</option>
			<option value="1">Yes</option>
		</param>
        <param name="newVisitorAction" type="list" default="browser" label="Language selection for new visitors?"
       description="Determine language selection for new visitors (only Enable Language determination is 'Yes')" >
        <option value="joomfish">Ordering of Languages in Joomfish Component</option>
        <option value="browser">Browser Settings</option>
        <option value="site">Site Default Language</option>
      </param>
		<param name="use302redirect" type="radio" default="0" label="Use 302 redirect" description="For new users the redirection to the correct language is done by automatic integration or an official 302 redirect to a different URL such as www.yourdomain.com/en">
			<option value="0">No</option>
			<option value="1">Yes</option>
		</param>
		<param name="enableCookie" type="radio" default="1"
			description="Switch off the cookie only if you have a different solution to define the once selected language, e.g. via an URL." label="Save user language in a cookie">
			<option value="0">No</option>
			<option value="1">Yes</option>
		</param>
		<param name="sefordomain" type="radio" default="sefprefix" label="Use SEF prefix or Subdomains?" description="TBD">
			<option value="sefprefix">SEF Prefix</option>
			<option value="subdomain">Sub-Domain</option>
		</param>
		<param name="sefprefixes" type="sefprefix" default="lang-" label="Sef prefix" description="Sef prefix Description" />
		<param name="sefsubdomain" type="sefsubdomain" default="" label="Sef subdomain" description="Sef Subdomain Description" />

	</params>
</install>
