<?xml version="1.0" encoding="iso-8859-1"?>
<mosinstall type="module" version="1.0.0">
        <name>jDownloads top</name>
        <author>Arno Betz</author>
        <creationDate>May 2008</creationDate>
        <copyright>(C) 2007/2008 by Arno Betz. All rights reserved.</copyright>
        <license>http://www.gnu.org/copyleft/gpl.html GNU/GPL</license>
        <authorEmail>info@joomlaaddons.de</authorEmail>
        <authorUrl>www.joomlaaddons.de</authorUrl>
        <version>1.1</version>
        <description>This modul shows you the most recent downloads from the jDownloads component. It is only for jDownloads 1.2 and later (Support: www.joomlaaddons.de)</description>
        <files>
                <filename module="mod_jdownloads_top">mod_jdownloads_top.php</filename>
        </files>
        <params>
                <param name="text_before" type="textarea" cols="30" rows="2" default="" label="Text before:" description="Here you can input text. This is indicated at the beginning of the module."/>
                <param name="text_after" type="textarea" cols="30" rows="2" default="" label="Text after:" description="Here you can input text. This is indicated at the end of the module."/>
                <param name="sum_view" type="text" default="5" label="Amount of downloads:" description="How many files will should indicated in the module."/>
                <param name="sum_char" type="text" default="" label="Amount of title characters:" description="How many characters from the download title will should indicated in the module. If the length from title and release text longer as the given value, the release text will not indicated. If this field is empty, the complete title is indicated."/>
                <param name="short_char" type="text" default="..." label="Characters at the end from shorted title:" description="Here you can input characters, this will added on the end from shortened title text."/>
                <param name="detail_view" type="radio" label="Linked to download-detail page?" default="1" description="If Yes, the click on a listed download go to the download-detail page. If No, the link go to the Category">
                        <option value="1">Yes</option>
                        <option value="0">No</option>
                </param>
                <param name="alignment" type="list" label="Alignment" default="left" description="Alignment of the module">
                        <option value="left">left</option>
                        <option value="right">right</option>
                        <option value="center">center</option>
                </param>                        
                <param name="moduleclass_sfx" type="text" default="" label="Module Class Suffix:" description="A suffix to be applied to the css class of the module (table.moduletable), this allows individual module styling."/>
        </params>
</mosinstall>
